Word,Count
syracuse,228
dromio,219
antipholus,215
ephesus,163
sir,110
him,108
will,91
adriana,88
what,81
her,71
from,68
thee,65
no,59
thy,59
am,57
man,57
did,55
luciana,55
she,52
here,51
come,48
go,46
master,46
chain,46
would,45
now,45
was,43
home,42
know,42
then,41
duke,39
us,39
ill,39
had,39
angelo,39
enter,38
there,37
how,37
when,35
see,35
hath,34
why,34
were,34
wife,34
them,34
an,34
one,33
let,33
more,32
well,32
say,31
they,31
within,31
some,31
these,29
time,29
where,28
good,28
husband,28
upon,27
tell,27
mistress,27
their,26
out,26
money,26
solinus,25
merchant,25
till,25
make,25
shall,25
house,25
officer,25
aegeon,24
too,24
mine,24
sister,24
mad,24
may,23
think,23
which,22
art,22
bear,21
like,21
dinner,21
who,19
yet,19
gold,19
nor,19
never,19
any,18
give,18
such,18
love,18
take,18
sent,18
second,18
other,17
nay,17
again,17
than,17
long,17
two,17
much,17
being,17
life,17
villain,17
tis,17
pray,17
ay,17
since,16
name,16
doth,16
should,16
aemelia,16
both,15
could,15
made,15
came,15
bound,15
thus,15
against,15
get,15
exit,15
today,15
courtezan,15
end,14
therefore,14
speak,14
gave,14
must,14
break,14
day,14
exeunt,14
away,14
comes,14
fetch,14
hear,14
before,13
hour,13
saw,13
none,13
own,13
hast,13
face,13
sure,13
hand,13
fair,13
call,13
most,13
up,12
though,12
can,12
town,12
gone,12
door,12
nothing,12
didst,12
quoth,12
hence,12
even,12
scene,11
been,11
marks,11
unto,11
left,11
poor,11
myself,11
men,11
brother,11
mart,11
first,11
mean,11
merry,11
eye,11
theres,11
dost,11
sweet,11
thyself,11
cannot,10
whom,10
soon,10
very,10
light,10
welcome,10
place,10
word,10
forth,10
without,10
slave,10
hold,10
look,10
marry,10
else,10
deny,10
reason,10
wrong,10
pinch,10
god,10
heart,10
doors,10
ducats,10
death,9
witness,9
woman,9
great,9
stay,9
dine,9
pay,9
ears,9
blows,9
took,9
thats,9
answer,9
wherefore,9
hair,9
false,9
balthazar,9
bring,9
goldsmith,9
ring,9
thousand,8
leave,8
old,8
strange,8
hope,8
eyes,8
sake,8
help,8
sum,8
lord,8
keep,8
himself,8
charge,8
neither,8
hes,8
still,8
bid,8
grace,8
wit,8
bed,8
jest,8
use,8
ass,8
put,8
met,8
luce,8
besides,8
bind,8
syracusian,7
words,7
epidamnum,7
brought,7
return,7
fear,7
seek,7
ship,7
ere,7
meet,7
five,7
part,7
wind,7
case,7
might,7
find,7
buy,7
centaur,7
about,7
please,7
down,7
true,7
meat,7
hie,7
patience,7
send,7
shame,7
lost,7
whose,7
dined,7
neer,7
together,7
gentle,7
suit,7
into,7
abbess,7
abbey,7
looks,6
done,6
world,6
care,6
safe,6
whilst,6
either,6
straight,6
corinth,6
thought,6
those,6
far,6
gods,6
soul,6
another,6
save,6
years,6
company,6
live,6
lest,6
walk,6
present,6
lose,6
drop,6
because,6
fast,6
pate,6
stays,6
mind,6
liberty,6
tongue,6
beat,6
back,6
beating,6
hither,6
once,6
better,6
dear,6
same,6
breath,6
cheer,6
lockd,6
street,6
stand,6
draw,6
yourself,6
claim,6
way,6
rope,6
arrest,6
arrested,6
worse,6
friend,6
rage,6
shut,6
son,6
act,5
gaoler,5
plead,5
unless,5
die,5
sun,5
cause,5
aboard,5
warrant,5
went,5
three,5
bark,5
ii,5
many,5
humour,5
fellow,5
cold,5
last,5
thine,5
fault,5
wilt,5
hands,5
body,5
patient,5
sea,5
masters,5
obey,5
urging,5
told,5
feel,5
withal,5
burn,5
due,5
thank,5
beaten,5
holy,5
head,5
fie,5
pale,5
promised,5
others,5
hours,5
sport,5
every,5
bald,5
signior,5
heres,5
owe,5
calld,5
crow,5
depart,5
porpentine,5
night,5
run,5
ran,5
purse,5
devil,5
debt,5
aemilia,5
justice,5
late,4
lives,4
pity,4
ourselves,4
bay,4
goods,4
hundred,4
syracusa,4
wealth,4
sons,4
burden,4
bought,4
alas,4
longer,4
means,4
gazing,4
earth,4
making,4
heard,4
sad,4
full,4
after,4
trust,4
sleep,4
dull,4
business,4
city,4
thing,4
returnd,4
rather,4
knave,4
sconce,4
shoulders,4
between,4
haste,4
theyll,4
souls,4
fish,4
quiet,4
cry,4
wouldst,4
right,4
understand,4
spake,4
spurn,4
beauty,4
hard,4
found,4
wrongs,4
lets,4
alone,4
best,4
whats,4
received,4
fool,4
common,4
ever,4
something,4
denied,4
plain,4
father,4
recover,4
sound,4
ones,4
soft,4
possessd,4
blood,4
talk,4
changed,4
deliver,4
knows,4
scorn,4
gate,4
sirrah,4
creature,4
porter,4
heaven,4
show,4
feast,4
credit,4
faith,4
knock,4
offer,4
housed,4
wench,4
turn,4
wonder,4
lay,4
truth,4
hip,4
receive,4
thereof,4
band,4
sergeant,4
adam,4
rest,4
fire,4
thence,4
stuff,4
errors,3
play,3
fall,3
woes,3
laws,3
born,3
comfort,3
nature,3
vile,3
often,3
drew,3
herself,3
almost,3
became,3
inn,3
attend,3
deep,3
heavens,3
grant,3
weeping,3
fashion,3
children,3
gather,3
off,3
mighty,3
borne,3
fortune,3
course,3
extremity,3
try,3
host,3
dinnertime,3
indeed,3
melancholy,3
certain,3
oclock,3
wander,3
water,3
unhappy,3
clock,3
hot,3
broke,3
kept,3
darest,3
sit,3
post,3
methinks,3
messenger,3
season,3
phoenix,3
stands,3
hadst,3
heels,3
witches,3
sin,3
prove,3
serve,3
fowls,3
makes,3
knowst,3
ear,3
scarce,3
coming,3
seems,3
service,3
discourse,3
state,3
touch,3
public,3
laid,3
half,3
foolish,3
grows,3
yes,3
mend,3
yonder,3
ah,3
breaking,3
skin,3
flesh,3
want,3
dream,3
until,3
servants,3
spite,3
finger,3
hell,3
excuse,3
shop,3
suffer,3
conjure,3
wenches,3
open,3
office,3
minion,3
youll,3
blow,3
behind,3
reputation,3
unknown,3
doubt,3
strong,3
possession,3
presence,3
teach,3
evil,3
conceit,3
labour,3
dote,3
oer,3
beast,3
fat,3
marriage,3
swore,3
neck,3
witch,3
presently,3
tonight,3
fly,3
times,3
satisfaction,3
while,3
gentleman,3
enough,3
bail,3
matter,3
desk,3
tempt,3
honest,3
jealous,3
cries,3
fiend,3
rough,3
rested,3
owes,3
satan,3
near,3
denies,3
ropesend,3
doctor,3
conjurer,3
prayers,3
peace,3
behold,3
prisoner,3
loose,3
swords,3
priory,3
sorry,3
hinderd,3
reverend,3
forswore,3
sword,3
lady,3
people,3
wits,3
person,3
anon,3
bondman,3
gracious,3
servant,3
liege,3
officers,2
outrage,2
merchants,2
countrymen,2
guilders,2
redeem,2
statutes,2
dies,2
confiscate,2
dukes,2
rate,2
amount,2
law,2
evening,2
camest,2
offence,2
sorrows,2
wed,2
happy,2
hap,2
bad,2
kind,2
under,2
pleasing,2
women,2
mother,2
names,2
delivered,2
twins,2
alike,2
parents,2
boys,2
league,2
always,2
instance,2
harm,2
minds,2
pretty,2
careful,2
fastend,2
small,2
spare,2
mast,2
heedful,2
disposed,2
carried,2
length,2
benefit,2
seas,2
ships,2
pardon,2
twice,2
splitted,2
delight,2
burdened,2
lesser,2
weight,2
woe,2
sight,2
taken,2
fishermen,2
knowing,2
reft,2
sail,2
homeward,2
favour,2
boy,2
inquisitive,2
importuned,2
quest,2
clean,2
through,2
hopeless,2
story,2
oath,2
princes,2
beg,2
borrow,2
custody,2
helpless,2
weary,2
set,2
view,2
gaze,2
having,2
oft,2
jests,2
invited,2
content,2
commends,2
capon,2
pig,2
spit,2
bell,2
cheek,2
stomach,2
stop,2
saddler,2
air,2
yours,2
perchance,2
prays,2
flout,2
deceive,2
sorcerers,2
disguised,2
prating,2
sooner,2
perhaps,2
takes,2
beasts,2
divine,2
lords,2
wild,2
sense,2
learn,2
wretched,2
adversity,2
pain,2
complain,2
unkind,2
doubtfully,2
meaning,2
struck,2
hornmad,2
stark,2
conclusion,2
new,2
cross,2
peasant,2
leather,2
age,2
sharp,2
defeatures,2
decayed,2
unruly,2
breaks,2
jealousy,2
fools,2
homage,2
wear,2
weep,2
report,2
madly,2
receipt,2
vein,2
yea,2
teeth,2
earnest,2
beams,2
aspect,2
basting,2
twill,2
dry,2
eat,2
choleric,2
things,2
rule,2
fine,2
recovery,2
conclude,2
namely,2
knew,2
vow,2
lookd,2
selfs,2
tear,2
lust,2
wont,2
gentlewoman,2
compact,2
mood,2
sleeve,2
married,2
stronger,2
strength,2
aught,2
idle,2
intrusion,2
speaks,2
theme,2
error,2
entertain,2
offerd,2
spread,2
land,2
ensue,2
laugh,2
ask,2
iii,2
appear,2
pass,2
beware,2
patch,2
whence,2
feet,2
got,2
blame,2
said,2
needs,2
keeps,2
warm,2
fin,2
feather,2
pluck,2
herein,2
war,2
compass,2
honour,2
modesty,2
protest,2
bestow,2
refuse,2
elsewhere,2
husbands,2
read,2
shames,2
need,2
acquainted,2
simple,2
thief,2
board,2
believe,2
arm,2
move,2
little,2
vain,2
less,2
earths,2
feeble,2
power,2
yield,2
note,2
sisters,2
flood,2
tears,2
golden,2
mated,2
clear,2
hearts,2
food,2
lead,2
womans,2
claims,2
lays,2
week,2
whole,2
quarters,2
measure,2
bears,2
france,2
stood,2
spain,2
felt,2
oh,2
nose,2
mark,2
steel,2
pack,2
inhabit,2
guilty,2
taen,2
bespoke,2
twenty,2
iv,2
attach,2
just,2
instant,2
discharge,2
bond,2
ropes,2
confederates,2
belike,2
stranger,2
held,2
dalliance,2
wheres,2
consent,2
owner,2
conveyd,2
madman,2
peevish,2
purpose,2
leisure,2
key,2
prison,2
thither,2
forsworn,2
beggd,2
beseech,2
deformed,2
fury,2
buff,2
worth,2
reenter,2
immediately,2
injury,2
tender,2
thanks,2
gives,2
brings,2
says,2
angels,2
avoid,2
devils,2
written,2
effect,2
bespeak,2
spoon,2
diamond,2
trouble,2
forty,2
fits,2
perforce,2
senseless,2
served,2
nativity,2
along,2
pulse,2
surely,2
deadly,2
dark,2
lock,2
confess,2
dissembling,2
displeasure,2
large,2
drawn,2
kill,2
wretch,2
impeach,2
heavy,2
passion,2
wreck,2
subject,2
reprehended,2
haply,2
sayst,2
raging,2
fever,2
fit,2
madness,2
rude,2
stir,2
order,2
shalt,2
publicly,2
guard,2
each,2
fled,2
command,2
wars,2
hark,2
perjured,2
parted,2
bore,2
bonds,2
thereupon,2
vouchsafe,2
remember,2
grief,2
voice,2
seven,2
renowned,2
comedy,1
shakespearehomepage,1
comedyoferrors,1
entire,1
hall,1
solinuss,1
palace,1
attendants,1
proceed,1
procure,1
doom,1
partial,1
infringe,1
enmity,1
discord,1
sprung,1
rancorous,1
welldealing,1
wanting,1
seald,1
rigorous,1
bloods,1
excludes,1
threatening,1
mortal,1
intestine,1
jars,1
twixt,1
seditious,1
solemn,1
synods,1
decreed,1
syracusians,1
admit,1
traffic,1
adverse,1
towns,1
seen,1
marts,1
fairs,1
dispose,1
levied,1
quit,1
penalty,1
ransom,1
substance,1
valued,1
highest,1
condemned,1
likewise,1
brief,1
departedst,1
native,1
heavier,1
task,1
imposed,1
griefs,1
unspeakable,1
wrought,1
utter,1
lived,1
joy,1
increased,1
prosperous,1
voyages,1
factors,1
random,1
embracements,1
spouse,1
absence,1
six,1
months,1
fainting,1
punishment,1
provision,1
following,1
arrived,1
joyful,1
goodly,1
distinguishd,1
selfsame,1
meaner,1
male,1
thosefor,1
exceeding,1
meanly,1
proud,1
daily,1
motions,1
unwilling,1
agreed,1
saild,1
windobeying,1
tragic,1
retain,1
obscured,1
convey,1
fearful,1
doubtful,1
immediate,1
gladly,1
embraced,1
incessant,1
weepings,1
piteous,1
plainings,1
babes,1
mournd,1
ignorant,1
forced,1
delays,1
sailors,1
sought,1
safety,1
boat,1
sinkingripe,1
latterborn,1
seafaring,1
provide,1
storms,1
fixing,1
fixd,1
floating,1
obedient,1
stream,1
towards,1
dispersed,1
vapours,1
offended,1
wished,1
waxd,1
calm,1
discovered,1
amain,1
epidaurus,1
cameo,1
sequel,1
forward,1
worthily,1
termd,1
merciless,1
leagues,1
encounterd,1
rock,1
violently,1
helpful,1
midst,1
unjust,1
divorce,1
sorrow,1
seeming,1
speed,1
seized,1
healthful,1
shipwreckd,1
guests,1
fishers,1
prey,1
slow,1
bend,1
severd,1
bliss,1
misfortunes,1
prolongd,1
stories,1
mishaps,1
sorrowest,1
dilate,1
befalln,1
youngest,1
eldest,1
eighteen,1
attendantso,1
retaind,1
labourd,1
hazarded,1
loss,1
loved,1
summers,1
spent,1
furthest,1
greece,1
roaming,1
bounds,1
asia,1
coasting,1
loath,1
unsought,1
harbours,1
timely,1
travels,1
hapless,1
fates,1
markd,1
dire,1
mishap,1
crown,1
dignity,1
disannul,1
sue,1
advocate,1
adjudged,1
passed,1
sentence,1
recalld,1
honours,1
disparagement,1
limit,1
beneficial,1
friends,1
doomd,1
wend,1
procrastinate,1
lifeless,1
apprehended,1
arrival,1
able,1
according,1
statute,1
west,1
manners,1
peruse,1
traders,1
buildings,1
travel,1
stiff,1
trusty,1
lightens,1
crave,1
afterward,1
consort,1
bedtime,1
calls,1
farewell,1
commend,1
ocean,1
seeks,1
falling,1
unseen,1
confounds,1
almanac,1
date,1
chance,1
approachd,1
burns,1
falls,1
strucken,1
twelve,1
penitent,1
default,1
osixpence,1
wednesday,1
crupper,1
sportive,1
dally,1
strangers,1
score,1
maw,1
strike,1
reserve,1
merrier,1
foolishness,1
bestowd,1
tricks,1
undisposed,1
worship,1
patiently,1
worships,1
forbid,1
device,1
oerraught,1
cozenage,1
nimble,1
jugglers,1
darkworking,1
change,1
soulkilling,1
deform,1
cheaters,1
mountebanks,1
suchlike,1
liberties,1
greatly,1
somewhere,1
fret,1
ours,1
lies,1
bridle,1
asses,1
bridled,1
headstrong,1
lashd,1
situate,1
sky,1
fishes,1
winged,1
males,1
subjects,1
controls,1
wide,1
watery,1
indued,1
intellectual,1
preeminence,1
females,1
accords,1
servitude,1
unwed,1
troubles,1
marriagebed,1
wedded,1
sway,1
practise,1
start,1
forbear,1
unmoved,1
marvel,1
pause,1
meek,1
bruised,1
mate,1
grieve,1
relieve,1
bereft,1
foolbeggd,1
nigh,1
tardy,1
beshrew,1
couldst,1
plainly,1
prithee,1
cuckoldmad,1
desired,1
askd,1
burnd,1
hang,1
errand,1
bare,1
across,1
bless,1
round,1
football,1
impatience,1
loureth,1
minions,1
starve,1
homely,1
alluring,1
wasted,1
discourses,1
barren,1
voluble,1
marrd,1
unkindness,1
blunts,1
marble,1
gay,1
vestments,1
affections,1
bait,1
ruins,1
ruind,1
ground,1
sunny,1
repair,1
deer,1
feeds,1
stale,1
selfharming,1
unfeeling,1
dispense,1
otherwhere,1
detain,1
quarter,1
jewel,1
enamelled,1
bides,1
touching,1
falsehood,1
corruption,1
fond,1
wanderd,1
computation,1
hosts,1
alterd,1
strokes,1
wast,1
golds,1
toldst,1
feltst,1
displeased,1
glad,1
jeer,1
thinkst,1
bargain,1
familiarly,1
sometimes,1
chat,1
sauciness,1
serious,1
shines,1
gnats,1
creep,1
crannies,1
hides,1
demeanor,1
method,1
battering,1
ensconce,1
firstfor,1
flouting,1
rhyme,1
amends,1
next,1
wants,1
purchase,1
durst,1
periwig,1
niggard,1
plentiful,1
excrement,1
blessing,1
bestows,1
scanted,1
given,1
hairy,1
dealers,1
plainer,1
dealer,1
loseth,1
jollity,1
falsing,1
spends,1
trimming,1
porridge,1
proved,1
substantial,1
worlds,1
followers,1
twould,1
wafts,1
frown,1
aspects,1
unurged,1
music,1
object,1
sweetsavord,1
taste,1
touchd,1
carved,1
estranged,1
undividable,1
incorporate,1
easy,1
mayest,1
gulf,1
unmingled,1
addition,1
diminishing,1
dearly,1
quick,1
shouldst,1
licentious,1
consecrate,1
ruffian,1
contaminate,1
hurl,1
staind,1
harlotbrow,1
cut,1
weddingring,1
deepdivorcing,1
canst,1
adulterate,1
blot,1
mingled,1
crime,1
digest,1
poison,1
strumpeted,1
contagion,1
truce,1
unstaind,1
undishonoured,1
dame,1
scannd,1
buffet,1
converse,1
drift,1
liest,1
inspiration,1
agrees,1
gravity,1
counterfeit,1
grossly,1
abetting,1
thwart,1
exempt,1
contempt,1
fasten,1
elm,1
vine,1
weakness,1
communicate,1
possess,1
dross,1
usurping,1
ivy,1
brier,1
moss,1
pruning,1
infect,1
sap,1
confusion,1
moves,1
drives,1
amiss,1
uncertainty,1
fallacy,1
beads,1
sinner,1
fairy,1
spites,1
goblins,1
owls,1
sprites,1
suck,1
black,1
blue,1
pratest,1
answerst,1
drone,1
snail,1
slug,1
sot,1
transformed,1
shape,1
form,1
ape,1
rides,1
grass,1
above,1
shrive,1
pranks,1
dines,1
sleeping,1
waking,1
welladvised,1
known,1
persever,1
mist,1
adventures,1
shrewish,1
lingerd,1
carcanet,1
tomorrow,1
charged,1
drunkard,1
parchment,1
ink,1
handwriting,1
kick,1
kickd,1
youre,1
dainties,1
cheap,1
table,1
dainty,1
dish,1
churl,1
affords,1
niggardly,1
sparing,1
guest,1
cates,1
maud,1
bridget,1
marian,1
cicel,1
gillian,1
ginn,1
mome,1
malthorse,1
coxcomb,1
idiot,1
hatch,1
callst,1
store,1
catch,1
ons,1
talks,1
ho,1
keepest,1
stolen,1
mickle,1
coil,1
proverbshall,1
staff,1
thatswhen,1
luceluce,1
answered,1
asked,1
baggage,1
ache,1
pair,1
stocks,1
noise,1
troth,1
troubled,1
sore,1
fain,1
debating,1
garments,1
thin,1
cake,1
buck,1
sold,1
ope,1
knaves,1
wantst,1
hind,1
feathers,1
fowl,1
iron,1
suspect,1
unviolated,1
thisyour,1
experience,1
wisdom,1
sober,1
virtue,1
ruled,1
tiger,1
restraint,1
stirring,1
passage,1
vulgar,1
comment,1
supposed,1
rout,1
ungalled,1
estimation,1
foul,1
dwell,1
grave,1
dead,1
slander,1
succession,1
gets,1
prevailed,1
despite,1
mirth,1
excellent,1
witty,1
wifebut,1
desert,1
oftentimes,1
upbraided,1
hostess,1
disdain,1
cost,1
expense,1
quite,1
forgot,1
spring,1
lovesprings,1
rot,1
building,1
grow,1
ruinous,1
wealths,1
kindness,1
stealth,1
muffle,1
blindness,1
orator,1
become,1
disloyalty,1
apparel,1
vice,1
virtues,1
harbinger,1
tainted,1
carriage,1
saint,1
secretfalse,1
brags,1
attaint,1
double,1
truant,1
bastard,1
fame,1
managed,1
d,1
eeds,1
doubled,1
motion,1
flattery,1
conquers,1
strife,1
mistresswhat,1
hit,1
knowledge,1
earthygross,1
smotherd,1
shallow,1
weak,1
folded,1
deceit,1
pure,1
field,1
create,1
transform,1
decline,1
train,1
mermaid,1
drown,1
sing,1
siren,1
silver,1
waves,1
hairs,1
lie,1
glorious,1
supposition,1
gains,1
drowned,1
sink,1
springeth,1
wink,1
dearer,1
hopes,1
aim,1
sole,1
runnst,1
haunts,1
horse,1
beastly,1
reverent,1
sirreverence,1
lean,1
luck,1
match,1
wondrous,1
shes,1
kitchen,1
grease,1
lamp,1
rags,1
tallow,1
poland,1
winter,1
doomsday,1
shell,1
complexion,1
swart,1
shoe,1
sweats,1
over,1
shoes,1
grime,1
grain,1
noahs,1
nell,1
ell,1
breadth,1
foot,1
spherical,1
globe,1
countries,1
ireland,1
buttocks,1
bogs,1
scotland,1
barrenness,1
palm,1
forehead,1
armed,1
reverted,1
heir,1
england,1
looked,1
chalky,1
cliffs,1
whiteness,1
guess,1
chin,1
salt,1
rheum,1
america,1
indies,1
embellished,1
rubies,1
carbuncles,1
sapphires,1
declining,1
rich,1
armadoes,1
caracks,1
ballast,1
belgia,1
netherlands,1
low,1
drudge,1
diviner,1
assured,1
privy,1
shoulder,1
mole,1
wart,1
amazed,1
breast,1
transformd,1
curtal,1
dog,1
wheel,1
road,1
shore,1
harbour,1
trudge,1
high,1
abhor,1
sovereign,1
enchanting,1
traitor,1
selfwrong,1
mermaids,1
song,1
lo,1
unfinishd,1
suppertime,1
visit,1
fare,1
shifts,1
streets,1
meets,1
gifts,1
pentecost,1
persia,1
voyage,1
growing,1
pleaseth,1
courtezans,1
goldsmiths,1
among,1
locking,1
pound,1
year,1
holp,1
trusts,1
chaind,1
saving,1
weighs,1
utmost,1
carat,1
fineness,1
chargeful,1
odd,1
debted,1
discharged,1
furnishd,1
disburse,1
tide,1
breach,1
promise,1
chid,1
bringing,1
shrew,1
begin,1
brawl,1
steals,1
dispatch,1
importunes,1
methe,1
token,1
brook,1
whether,1
denying,1
consider,1
touches,1
fee,1
apparently,1
metal,1
notorious,1
fraughtage,1
oil,1
balsamum,1
aquavitae,1
trim,1
nought,1
sheep,1
hire,1
waftage,1
drunken,1
debate,1
list,1
heed,1
coverd,1
turkish,1
tapestry,1
dowsabel,1
big,1
although,1
fulfil,1
mightst,1
perceive,1
austerely,1
red,1
merrily,1
observation,1
madest,1
meteors,1
tilting,1
meant,1
pleaded,1
persuasion,1
praise,1
speech,1
crooked,1
sere,1
illfaced,1
bodied,1
shapeless,1
everywhere,1
vicious,1
ungentle,1
blunt,1
stigmatical,1
waild,1
nest,1
lapwing,1
curse,1
running,1
tartar,1
limbo,1
everlasting,1
garment,1
buttond,1
pitiless,1
wolf,1
backfriend,1
shoulderclapper,1
countermands,1
passages,1
alleys,1
creeks,1
narrow,1
lands,1
hound,1
runs,1
counter,1
draws,1
dryfoot,1
judgement,1
carries,1
redemption,1
strikes,1
turns,1
fondly,1
bankrupt,1
stealing,1
theft,1
pressd,1
salute,1
wellacquainted,1
invite,1
kindnesses,1
commodities,1
tailor,1
showd,1
silks,1
therewithal,1
imaginary,1
wiles,1
lapland,1
picture,1
newapparelled,1
paradise,1
goes,1
calfs,1
killed,1
prodigal,1
angel,1
forsake,1
bassviol,1
gentlemen,1
tired,1
sob,1
rests,1
suits,1
durance,1
sets,1
exploits,1
mace,1
morrispike,1
meanest,1
thinks,1
going,1
foolery,1
expedition,1
hindered,1
tarry,1
hoy,1
delay,1
distract,1
illusions,1
blessed,1
dam,1
habit,1
damn,1
ergo,1
marvellous,1
expect,1
spoonmeat,1
tellst,1
supping,1
sorceress,1
parings,1
nail,1
rush,1
pin,1
nut,1
cherrystone,1
covetous,1
wise,1
shake,1
fright,1
cheat,1
avaunt,1
pride,1
peacock,1
demean,1
tale,1
entrance,1
lunatic,1
rushd,1
fittest,1
choose,1
wayward,1
lightly,1
attachd,1
harshly,1
returned,1
persuade,1
whoreson,1
sensible,1
heats,1
cools,1
waked,1
raised,1
driven,1
welcomed,1
beggar,1
brat,1
lamed,1
respice,1
finem,1
respect,1
prophecy,1
parrot,1
incivility,1
confirms,1
establish,1
demand,1
fiery,1
trembles,1
ecstasy,1
striking,1
darkness,1
saints,1
doting,1
wizard,1
wert,1
distressed,1
customers,1
companion,1
saffron,1
revel,1
remaind,1
free,1
slanders,1
sayest,1
sooth,1
perdie,1
revile,1
sans,1
fable,1
reviled,1
kitchenmaid,1
rail,1
taunt,1
certes,1
kitchenvestal,1
scornd,1
verity,1
bones,1
vigour,1
ist,1
soothe,1
contraries,1
finds,1
yielding,1
humours,1
frenzy,1
subornd,1
goodwill,1
rag,1
wentst,1
deliverd,1
ropemaker,1
room,1
bag,1
speakst,1
harlot,1
confederate,1
damned,1
loathsome,1
abject,1
nails,1
shameful,1
four,1
strives,1
wan,1
murder,1
rescue,1
frantic,1
required,1
forthwith,1
creditor,1
strumpet,1
entered,1
idly,1
hereof,1
rapier,1
mercy,1
naked,1
afraid,1
nation,1
mountain,1
v,1
dishonestly,1
esteemed,1
infinite,1
highly,1
beloved,1
softly,1
walks,1
self,1
monstrously,1
scandal,1
circumstance,1
oaths,1
openly,1
beside,1
imprisonment,1
staying,1
controversy,1
hoisted,1
forswear,1
livest,1
resort,1
honesty,1
dare,1
defy,1
hurt,1
spoild,1
throng,1
distracted,1
perfect,1
sour,1
different,1
afternoon,1
brake,1
buried,1
strayd,1
affection,1
unlawful,1
prevailing,1
youthful,1
except,1
roughly,1
private,1
assemblies,1
copy,1
conference,1
slept,1
fed,1
glanced,1
venom,1
clamours,1
poisons,1
dogs,1
tooth,1
sleeps,1
railing,1
sauced,1
upbraidings,1
unquiet,1
meals,1
digestions,1
bred,1
sports,1
brawls,1
recreation,1
barrd,1
moody,1
kinsman,1
grim,1
comfortless,1
despair,1
huge,1
infectious,1
troop,1
distemperatures,1
foes,1
lifepreserving,1
disturbd,1
consequence,1
scared,1
mildly,1
demeand,1
wildly,1
rebukes,1
betray,1
reproof,1
enters,1
sanctuary,1
privilege,1
assaying,1
nurse,1
diet,1
sickness,1
attorney,1
used,1
approved,1
wholesome,1
syrups,1
drugs,1
formal,1
branch,1
parcel,1
charitable,1
duty,1
beseem,1
holiness,1
separate,1
indignity,1
prostrate,1
rise,1
won,1
dial,1
points,1
im,1
vale,1
execution,1
ditches,1
unluckily,1
beheaded,1
kneel,1
attended,1
bareheaded,1
headsman,1
proclaim,1
sacred,1
virtuous,1
important,1
lettersthis,1
outrageous,1
desperately,1
hurried,1
doing,1
citizens,1
rushing,1
houses,1
bearing,1
rings,1
jewels,1
committed,1
wot,1
escape,1
attendant,1
ireful,1
bent,1
chased,1
raising,1
aid,1
whither,1
pursued,1
shuts,1
gates,1
engaged,1
abbeygate,1
determine,1
shift,1
maids,1
arow,1
beard,1
singed,1
brands,1
blazed,1
threw,1
pails,1
puddled,1
mire,1
quench,1
preaches,1
scissors,1
nicks,1
breathed,1
vows,1
scorch,1
disfigure,1
halberds,1
invisible,1
past,1
human,1
bestrid,1
scars,1
prince,1
gavest,1
abused,1
dishonourd,1
height,1
beyond,1
imagination,1
shameless,1
thrown,1
discover,1
harlots,1
feasted,1
grievous,1
befall,1
burdens,1
tells,1
highness,1
justly,1
chargeth,1
advised,1
disturbed,1
wine,1
headyrash,1
provoked,1
ire,1
albeit,1
wiser,1
packd,1
promising,1
swear,1
fairly,1
rabble,1
hungry,1
leanfaced,1
mere,1
anatomy,1
mountebank,1
threadbare,1
juggler,1
fortuneteller,1
needy,1
holloweyed,1
sharplooking,1
deadlooking,1
pernicious,1
forsooth,1
feeling,1
twere,1
outfacing,1
fell,1
dankish,1
vault,1
gnawing,1
sunder,1
gaind,1
freedom,1
ample,1
indignities,1
sworn,1
miracle,1
abbeywalls,1
intricate,1
drunk,1
circes,1
cup,1
coldly,1
saying,1
snatchd,1
sawst,1
freely,1
gnawd,1
cords,1
unbound,1
lately,1
pinchs,1
whatsoever,1
crackd,1
short,1
only,1
untuned,1
cares,1
grained,1
hid,1
sapconsuming,1
winters,1
drizzled,1
snow,1
conduits,1
froze,1
memory,1
wasting,1
lamps,1
fading,1
glimmer,1
deaf,1
witnessesi,1
err,1
shamest,1
acknowledge,1
misery,1
patron,1
during,1
dangers,1
wrongd,1
genius,1
natural,1
spirit,1
deciphers,1
ghost,1
whoever,1
gain,1
floated,1
fatal,1
raft,1
twin,1
force,1
begins,1
morning,1
antipholuses,1
dromios,1
semblance,1
accidentally,1
apart,1
famous,1
warrior,1
menaphon,1
uncle,1
arose,1
pawn,1
pains,1
discoursed,1
fortunes,1
assembled,1
sympathized,1
days,1
sufferd,1
thirtythree,1
travail,1
calendars,1
gossips,1
festivity,1
gossip,1
shipboard,1
embarkd,1
embrace,1
rejoice,1
kitchend,1
glass,1
sweetfaced,1
youth,1
gossiping,1
elder,1
question,1
cuts,1
senior,1
